-- MySQL dump 10.13  Distrib 5.5.47, for debian-linux-gnu (x86_64)
--
-- Host: localhost    Database: bank
-- ------------------------------------------------------
-- Server version	5.5.47-0ubuntu0.14.04.1

/*!40101 SET @OLD_CHARACTER_SET_CLIENT=@@CHARACTER_SET_CLIENT */;
/*!40101 SET @OLD_CHARACTER_SET_RESULTS=@@CHARACTER_SET_RESULTS */;
/*!40101 SET @OLD_COLLATION_CONNECTION=@@COLLATION_CONNECTION */;
/*!40101 SET NAMES utf8 */;
/*!40103 SET @OLD_TIME_ZONE=@@TIME_ZONE */;
/*!40103 SET TIME_ZONE='+00:00' */;
/*!40014 SET @OLD_UNIQUE_CHECKS=@@UNIQUE_CHECKS, UNIQUE_CHECKS=0 */;
/*!40014 SET @OLD_FOREIGN_KEY_CHECKS=@@FOREIGN_KEY_CHECKS, FOREIGN_KEY_CHECKS=0 */;
/*!40101 SET @OLD_SQL_MODE=@@SQL_MODE, SQL_MODE='NO_AUTO_VALUE_ON_ZERO' */;
/*!40111 SET @OLD_SQL_NOTES=@@SQL_NOTES, SQL_NOTES=0 */;

--
-- Table structure for table `accounts`
--

DROP TABLE IF EXISTS `accounts`;
/*!40101 SET @saved_cs_client     = @@character_set_client */;
/*!40101 SET character_set_client = utf8 */;
CREATE TABLE `accounts` (
  `id` int(10) unsigned NOT NULL AUTO_INCREMENT,
  `user_id` int(10) unsigned NOT NULL,
  `number` varchar(100) NOT NULL,
  `balance` double NOT NULL,
  `currency` enum('rub','usd') NOT NULL DEFAULT 'rub',
  PRIMARY KEY (`id`),
  KEY `user_id` (`user_id`),
  KEY `number` (`number`)
) ENGINE=InnoDB AUTO_INCREMENT=713 DEFAULT CHARSET=utf8;
/*!40101 SET character_set_client = @saved_cs_client */;

--
-- Dumping data for table `accounts`
--

LOCK TABLES `accounts` WRITE;
/*!40000 ALTER TABLE `accounts` DISABLE KEYS */;
INSERT INTO `accounts` VALUES (543,552,'35139861163439238256',125,'rub'),(544,553,'33914062350496748150',235,'rub'),(545,554,'95535269531542247946',164,'rub'),(546,555,'69854364108136298328',285,'rub'),(547,556,'12634607653418372792',191,'rub'),(548,557,'26292227342477397221',723,'rub'),(549,558,'94225644063870427668',1112,'rub'),(550,559,'05332864385893916655',653,'rub'),(551,560,'80471528690003731259',1565,'rub'),(552,561,'15799730467297340124',630,'rub'),(553,562,'72829365565414117708',945,'rub'),(554,563,'55502239163283832801',700,'rub'),(555,564,'36324123128273162584',483,'rub'),(556,565,'69714379990069702165',1285,'rub'),(557,566,'40625360994726446553',931,'rub'),(558,567,'36618375840648536839',3314,'rub'),(559,568,'13419142851443375787',2485,'rub'),(560,569,'17690843454012648645',2852,'rub'),(561,570,'14277164001267925846',3595,'rub'),(562,571,'36238371604072347123',3754,'rub'),(563,572,'26592686507911489080',0,'rub'),(564,573,'29752848259084958223',0,'rub'),(565,574,'87878069432150734365',0,'rub'),(566,575,'43861650130998414978',0,'rub'),(567,576,'39369679470807301479',0,'rub'),(568,577,'72517166794206041000',0,'rub'),(569,578,'19333996952917754563',0,'rub'),(570,579,'26702437248974322023',0,'rub'),(571,580,'73339800210877650628',0,'rub'),(572,581,'56897871976510525644',0,'rub'),(573,582,'79783325368121957491',0,'rub'),(574,583,'35252779825830862922',0,'rub'),(575,584,'02057595791780338890',0,'rub'),(576,585,'99284641155742017064',0,'rub'),(577,586,'63349999616960657745',0,'rub'),(578,587,'66846947866736298060',0,'rub'),(579,588,'75591389705672256090',0,'rub'),(580,589,'22593221161918143548',0,'rub'),(581,590,'97409127814652271672',0,'rub'),(582,591,'76111109497083404374',0,'rub'),(583,592,'98111362636921173011',0,'rub'),(584,593,'33308211453138733720',0,'rub'),(585,594,'50363894020309826384',0,'rub'),(586,595,'40240345340507957798',0,'rub'),(587,596,'67906075009917318678',0,'rub'),(588,597,'50959374451831054196',0,'rub'),(589,598,'97670077928901925105',0,'rub'),(590,599,'31594536140867399880',0,'rub'),(591,600,'89403683726135727199',0,'rub'),(592,601,'90544761985738479325',0,'rub'),(593,602,'27067496316404253909',0,'rub'),(594,603,'90179870906014113044',0,'rub'),(595,604,'13808222357096561740',0,'rub'),(596,605,'81762650863511834960',0,'rub'),(597,606,'06351638223576919458',0,'rub'),(598,607,'76156941862261246930',0,'rub'),(599,608,'25306406980529592472',0,'rub'),(600,609,'44185587890117774183',0,'rub'),(601,610,'29044807179610287159',0,'rub'),(602,611,'08648708699232386492',0,'rub'),(603,612,'10364289951388763813',0,'rub'),(604,613,'36205114848638972343',0,'rub'),(605,614,'13806242670992777277',0,'rub'),(606,615,'22038927601515714678',0,'rub'),(607,616,'04659364904873870954',0,'rub'),(608,617,'46033023858332505683',0,'rub'),(609,618,'12471563277134680138',0,'rub'),(610,619,'26680597555277335874',0,'rub'),(611,620,'06826232189763519643',0,'rub'),(612,621,'57789056374884430142',0,'rub'),(613,622,'10535464470072733607',0,'rub'),(614,623,'21760722998018965415',0,'rub'),(615,624,'82653589633654085106',0,'rub'),(616,625,'07619050108972389210',0,'rub'),(617,626,'15791017326841073986',0,'rub'),(618,627,'91139317504115041026',0,'rub'),(619,628,'97500667029036400118',0,'rub'),(620,629,'17399654984283945366',0,'rub'),(621,630,'69470356132760619901',0,'rub'),(622,631,'24199834442088228324',0,'rub'),(623,632,'77694797823342457064',0,'rub'),(624,633,'75477032489793455468',0,'rub'),(625,634,'91142657419991532967',0,'rub'),(626,635,'99996605774826916592',0,'rub'),(627,636,'56605399170527292834',0,'rub'),(628,637,'75339950760208933964',0,'rub'),(629,638,'45703359963319652492',0,'rub'),(630,639,'81516180617719075265',0,'rub'),(631,640,'65293610735391001287',0,'rub'),(632,641,'45085410468166134565',0,'rub'),(633,642,'34107445890278570181',0,'rub'),(634,643,'32291346446572792009',0,'rub'),(635,644,'07730301957885513156',0,'rub'),(636,645,'94399735101234926249',0,'rub'),(637,646,'92493948425562455362',0,'rub'),(638,647,'46968013867937127279',0,'rub'),(639,648,'21906154212019017686',0,'rub'),(640,649,'49238599863736758161',0,'rub'),(641,650,'07789034751202072865',0,'rub'),(642,651,'69592401464208478584',0,'rub'),(643,652,'83371825384888218018',0,'rub'),(644,653,'74302708061453928510',0,'rub'),(645,654,'16882649422082622952',0,'rub'),(646,655,'01904944936267867675',0,'rub'),(647,656,'20271371995890084009',0,'rub'),(648,657,'95811214237697288602',0,'rub'),(649,658,'78921434655617471131',0,'rub'),(650,659,'66455570043826275589',0,'rub'),(651,660,'15210442774844590149',0,'rub'),(652,661,'78337480758252337790',0,'rub'),(653,662,'75701651174932956438',0,'rub'),(654,663,'24652056705977042824',0,'rub'),(655,664,'51718698827716509325',0,'rub'),(656,665,'79681737073795292205',0,'rub'),(657,666,'61798192054750256660',0,'rub'),(658,667,'35009506464914393625',0,'rub'),(659,668,'96067661436112589515',0,'rub'),(660,669,'46985336986565390106',0,'rub'),(661,670,'08364374744045669879',0,'rub'),(662,671,'18737798848345377546',0,'rub'),(663,672,'63452847337470894401',0,'rub'),(664,673,'59061867286613881091',0,'rub'),(665,674,'19687709924293813429',0,'rub'),(666,675,'21013472056775036770',0,'rub'),(667,676,'90317781834409357885',0,'rub'),(668,677,'20730600525051839198',0,'rub'),(669,678,'62144362933653031098',0,'rub'),(670,679,'37289341064675120446',0,'rub'),(671,680,'21063854323652553257',0,'rub'),(672,681,'61977239575631882172',0,'rub'),(673,682,'32721211179675145568',0,'rub'),(674,683,'39153693297462748747',0,'rub'),(675,684,'91090949798352954355',0,'rub'),(676,685,'44993156397837158881',0,'rub'),(677,686,'06341943522772599358',0,'rub'),(678,687,'18396203954911902695',0,'rub'),(679,688,'87807493861330102356',0,'rub'),(680,689,'35887475242458772711',0,'rub'),(681,690,'57671506243322684375',0,'rub'),(682,691,'34189923768046040501',0,'rub'),(683,692,'88399630383568085340',0,'rub'),(684,693,'76499508261438616608',0,'rub'),(685,694,'42599460418917771207',0,'rub'),(686,695,'15500107604357626794',0,'rub'),(687,696,'20415894953086475797',0,'rub'),(688,697,'15638482429687893524',0,'rub'),(689,698,'68708658233424841708',0,'rub'),(690,699,'89075352566124867847',0,'rub'),(691,700,'14076597689759159555',0,'rub'),(692,701,'84332869784293547695',0,'rub'),(693,702,'30743595935794477033',0,'rub'),(694,703,'67019009034629504202',0,'rub'),(695,704,'90143636448431032109',0,'rub'),(696,705,'53114029799286175289',0,'rub'),(697,706,'71992973751093787366',0,'rub'),(698,707,'59013783199434816650',0,'rub'),(699,708,'89517201071871038284',0,'rub'),(700,709,'56181169405145003015',0,'rub'),(701,710,'90179011657394017723',0,'rub'),(702,711,'83430023205635523559',0,'rub'),(703,712,'21659682984274561319',0,'rub'),(704,713,'96911956585117391257',0,'rub'),(705,714,'68803609246509632609',0,'rub'),(706,715,'39318766578996619946',0,'rub'),(707,716,'98965448067721402737',0,'rub'),(708,717,'15747577370423609249',0,'rub'),(709,718,'71443064294469991777',0,'rub'),(710,719,'13271383893478527814',0,'rub'),(711,720,'83624088477173337898',0,'rub'),(712,721,'20010712428427200181',0,'rub');
/*!40000 ALTER TABLE `accounts` ENABLE KEYS */;
UNLOCK TABLES;

--
-- Table structure for table `login_fails`
--

DROP TABLE IF EXISTS `login_fails`;
/*!40101 SET @saved_cs_client     = @@character_set_client */;
/*!40101 SET character_set_client = utf8 */;
CREATE TABLE `login_fails` (
  `id` int(6) unsigned NOT NULL AUTO_INCREMENT,
  `login` tinytext,
  `ip` varchar(15) DEFAULT NULL,
  `timestamp` timestamp NOT NULL DEFAULT CURRENT_TIMESTAMP ON UPDATE CURRENT_TIMESTAMP,
  PRIMARY KEY (`id`)
) ENGINE=InnoDB AUTO_INCREMENT=245 DEFAULT CHARSET=latin1;
/*!40101 SET character_set_client = @saved_cs_client */;

--
-- Dumping data for table `login_fails`
--

LOCK TABLES `login_fails` WRITE;
/*!40000 ALTER TABLE `login_fails` DISABLE KEYS */;
INSERT INTO `login_fails` VALUES (77,'100024q','127.0.0.1','2016-02-26 14:49:31'),(78,'100024q','127.0.0.1','2016-02-26 14:49:33'),(79,'100024q','127.0.0.1','2016-02-26 14:49:34'),(80,'100024q','127.0.0.1','2016-02-26 14:49:35'),(81,'100024q','127.0.0.1','2016-02-26 14:49:37'),(82,'admin','10.0.70.41','2016-02-29 09:10:03'),(83,'admin','10.0.70.41','2016-02-29 09:10:17'),(84,'admin','10.0.70.41','2016-02-29 09:10:18'),(85,'admin','10.0.70.41','2016-02-29 09:10:19'),(86,'admin','10.0.70.41','2016-02-29 09:10:20'),(87,'admin','10.0.70.41','2016-02-29 09:11:23'),(88,'admin','10.0.70.41','2016-02-29 09:11:30'),(89,'qweadmin','10.0.70.41','2016-02-29 09:11:31'),(90,'qweadmin','10.0.70.41','2016-02-29 09:11:32'),(91,'qweadmin','10.0.70.41','2016-02-29 09:11:32'),(92,'qweadmin','10.0.70.41','2016-02-29 09:12:35'),(93,'qweadmin','10.0.70.41','2016-02-29 09:12:37'),(94,'aweawe','10.0.70.41','2016-02-29 09:12:40'),(95,'aweawe','10.0.70.41','2016-02-29 09:12:40'),(96,'aweawe','10.0.70.41','2016-02-29 09:12:41'),(97,'100024q','127.0.0.1','2016-02-29 09:21:22'),(98,'100024q','127.0.0.1','2016-02-29 09:22:05'),(99,'100024q','127.0.0.1','2016-02-29 09:22:21'),(100,'100024q','127.0.0.1','2016-02-29 09:22:53'),(101,'100024q','127.0.0.1','2016-02-29 09:36:12'),(102,'100024q','127.0.0.1','2016-02-29 09:36:12'),(103,'100024q','127.0.0.1','2016-02-29 09:36:28'),(104,'100024q','127.0.0.1','2016-02-29 09:36:28'),(105,'100024q','127.0.0.1','2016-02-29 09:36:47'),(106,'100024q','127.0.0.1','2016-02-29 09:36:47'),(107,'100024q','127.0.0.1','2016-02-29 09:37:10'),(108,'100024q','127.0.0.1','2016-02-29 09:37:10'),(109,'100024q','127.0.0.1','2016-02-29 09:37:48'),(110,'100024q','127.0.0.1','2016-02-29 09:37:48'),(111,'100024q','127.0.0.1','2016-02-29 09:38:00'),(112,'100024q','127.0.0.1','2016-02-29 09:38:00'),(113,'100024q','127.0.0.1','2016-02-29 09:38:00'),(114,'100024q','127.0.0.1','2016-02-29 09:38:15'),(115,'100024q','127.0.0.1','2016-02-29 09:38:15'),(116,'100024q','127.0.0.1','2016-02-29 09:38:15'),(117,'100024q','127.0.0.1','2016-02-29 09:38:32'),(118,'100024q','127.0.0.1','2016-02-29 09:38:32'),(119,'100024q','127.0.0.1','2016-02-29 09:38:32'),(120,'100024q','127.0.0.1','2016-02-29 09:38:40'),(121,'100024q','127.0.0.1','2016-02-29 09:38:40'),(122,'100024q','127.0.0.1','2016-02-29 09:38:40'),(123,'100024','127.0.0.1','2016-02-29 09:39:59'),(124,'100024q','127.0.0.1','2016-02-29 09:40:04'),(125,'100024q','127.0.0.1','2016-02-29 09:40:04'),(126,'100024q','127.0.0.1','2016-02-29 09:45:39'),(127,'100024q','127.0.0.1','2016-02-29 09:45:39'),(128,'100024q','127.0.0.1','2016-02-29 09:45:51'),(129,'100024q','127.0.0.1','2016-02-29 09:45:51'),(130,'100024q','127.0.0.1','2016-02-29 09:46:24'),(131,'100024q','127.0.0.1','2016-02-29 09:46:24'),(132,'100024q','127.0.0.1','2016-02-29 09:52:24'),(133,'100024q','127.0.0.1','2016-02-29 09:52:24'),(134,'100024q','127.0.0.1','2016-02-29 09:54:36'),(135,'100024q','127.0.0.1','2016-02-29 09:54:36'),(136,'100024q','127.0.0.1','2016-02-29 09:54:57'),(137,'100024q','127.0.0.1','2016-02-29 09:54:57'),(138,'100024q','127.0.0.1','2016-02-29 09:56:43'),(139,'100024q','127.0.0.1','2016-02-29 09:56:43'),(140,'100024q','127.0.0.1','2016-02-29 09:59:51'),(141,'100024q','127.0.0.1','2016-02-29 09:59:51'),(142,'100024q','127.0.0.1','2016-02-29 10:00:05'),(143,'100024q','127.0.0.1','2016-02-29 10:00:05'),(144,'100024q','127.0.0.1','2016-02-29 10:01:47'),(145,'100024q','127.0.0.1','2016-02-29 10:01:47'),(146,'100024q','127.0.0.1','2016-02-29 10:09:20'),(147,'100024q','127.0.0.1','2016-02-29 10:09:20'),(148,'100024q','127.0.0.1','2016-02-29 10:09:24'),(149,'100024q','127.0.0.1','2016-02-29 10:09:24'),(150,'100024q','127.0.0.1','2016-02-29 10:09:25'),(151,'100024q','127.0.0.1','2016-02-29 10:09:25'),(152,'100024q','127.0.0.1','2016-02-29 10:50:23'),(153,'100024q','127.0.0.1','2016-02-29 10:50:23'),(154,'100024q','127.0.0.1','2016-02-29 10:51:49'),(155,'100024q','127.0.0.1','2016-02-29 10:51:49'),(156,'100024q','127.0.0.1','2016-02-29 10:51:54'),(157,'100024q','127.0.0.1','2016-02-29 10:51:55'),(158,'100024q','127.0.0.1','2016-02-29 11:32:02'),(159,'100024q','127.0.0.1','2016-02-29 11:32:02'),(160,'100024q','127.0.0.1','2016-02-29 11:36:08'),(161,'100024q','127.0.0.1','2016-02-29 11:36:08'),(162,'100024q','127.0.0.1','2016-02-29 11:44:24'),(163,'100024q','127.0.0.1','2016-02-29 11:44:24'),(164,'100024q','127.0.0.1','2016-02-29 11:44:41'),(165,'100024q','127.0.0.1','2016-02-29 11:44:41'),(166,'100024q','127.0.0.1','2016-02-29 11:45:10'),(167,'100024q','127.0.0.1','2016-02-29 11:45:10'),(168,'100024q','127.0.0.1','2016-02-29 11:45:19'),(169,'100024q','127.0.0.1','2016-02-29 11:45:19'),(170,'100024q','127.0.0.1','2016-02-29 11:45:25'),(171,'100024q','127.0.0.1','2016-02-29 11:45:25'),(172,'100024q','127.0.0.1','2016-02-29 11:46:47'),(173,'100024q','127.0.0.1','2016-02-29 11:46:47'),(174,'100024q','127.0.0.1','2016-02-29 11:46:55'),(175,'100024q','127.0.0.1','2016-02-29 11:46:55'),(176,'100024q','127.0.0.1','2016-02-29 11:47:44'),(177,'100024q','127.0.0.1','2016-02-29 11:47:44'),(178,'100024q','127.0.0.1','2016-02-29 11:47:58'),(179,'100024q','127.0.0.1','2016-02-29 11:47:59'),(180,'100024q','127.0.0.1','2016-02-29 11:53:18'),(181,'100024q','127.0.0.1','2016-02-29 11:53:18'),(182,'100024q','127.0.0.1','2016-02-29 12:02:10'),(183,'100024q','127.0.0.1','2016-02-29 12:02:10'),(184,'100024q','127.0.0.1','2016-02-29 12:05:32'),(185,'100024q','127.0.0.1','2016-02-29 12:05:32'),(186,'100024q','127.0.0.1','2016-02-29 13:30:10'),(187,'100024q','127.0.0.1','2016-02-29 13:30:10'),(188,'100024q','127.0.0.1','2016-02-29 13:31:17'),(189,'100024q','127.0.0.1','2016-02-29 13:31:17'),(190,'test','10.0.70.41','2016-03-03 14:32:00'),(191,'qweqweqwe','10.0.70.41','2016-03-16 12:57:59'),(192,'qweqweqwe','10.0.70.41','2016-03-16 12:58:02'),(193,'qweqweqwe','10.0.70.41','2016-03-16 12:58:04'),(194,'qweqweqweqwe','10.0.70.41','2016-03-16 12:58:06'),(195,'qweqweqweqwe','10.0.70.41','2016-03-16 12:58:07'),(196,'vasya','127.0.0.1','2016-03-21 09:07:18'),(197,'vasya','127.0.0.1','2016-03-21 09:07:18'),(198,'vasya','127.0.0.1','2016-03-21 09:07:18'),(199,'vasya','127.0.0.1','2016-03-21 09:07:18'),(200,'vasya','127.0.0.1','2016-03-21 09:07:18'),(201,'vasya','127.0.0.1','2016-03-21 09:07:18'),(202,'vasya','127.0.0.1','2016-03-21 09:07:18'),(203,'vasya','127.0.0.1','2016-03-21 09:07:18'),(204,'vasya','127.0.0.1','2016-03-21 09:07:18'),(205,'vasya','127.0.0.1','2016-03-21 09:08:20'),(206,'vasya','127.0.0.1','2016-03-21 09:08:20'),(207,'vasya','127.0.0.1','2016-03-21 09:08:20'),(208,'test','10.0.70.26','2016-04-19 14:36:32'),(209,'test','127.0.0.1','2016-04-28 13:51:22'),(210,'test','127.0.0.1','2016-04-28 13:51:27'),(211,'test','127.0.0.1','2016-04-28 13:51:35'),(212,'test','127.0.0.1','2016-04-28 13:51:40'),(213,'test','127.0.0.1','2016-04-28 13:51:45'),(214,'vasya','127.0.0.1','2016-04-28 13:55:02'),(215,'vasya','127.0.0.1','2016-04-28 13:55:02'),(216,'vasya','127.0.0.1','2016-04-28 13:55:02'),(217,'vasya','127.0.0.1','2016-04-28 13:55:40'),(218,'vasya','127.0.0.1','2016-04-28 13:55:40'),(219,'vasya','127.0.0.1','2016-04-28 13:55:40'),(220,'vasya','127.0.0.1','2016-04-28 13:55:40'),(221,'vasya','127.0.0.1','2016-04-28 13:55:40'),(222,'vasya','127.0.0.1','2016-04-28 13:55:40'),(223,'vasya','127.0.0.1','2016-04-28 13:55:40'),(224,'vasya','127.0.0.1','2016-04-28 13:55:40'),(225,'vasya','127.0.0.1','2016-04-28 13:55:40'),(226,'vasya','127.0.0.1','2016-04-28 13:55:40'),(227,'vasya','127.0.0.1','2016-04-28 13:55:40'),(228,'vasya','127.0.0.1','2016-04-28 13:56:01'),(229,'vasya','127.0.0.1','2016-04-28 13:56:01'),(230,'vasya','127.0.0.1','2016-04-28 13:56:01'),(231,'vasya','127.0.0.1','2016-04-28 13:56:01'),(232,'vasya','127.0.0.1','2016-04-28 13:56:01'),(233,'vasya','127.0.0.1','2016-04-28 13:56:01'),(234,'vasya','127.0.0.1','2016-04-28 13:56:01'),(235,'vasya','127.0.0.1','2016-04-28 13:56:01'),(236,'vasya','127.0.0.1','2016-04-28 13:56:01'),(237,'vasya','127.0.0.1','2016-04-28 13:56:01'),(238,'vasya','127.0.0.1','2016-04-28 13:56:01'),(239,'qweqwe','10.0.70.41','2016-04-29 15:26:30'),(240,'test','127.0.0.1','2016-05-10 11:43:28'),(241,'test','127.0.0.1','2016-05-10 12:04:47'),(242,'test','127.0.0.1','2016-05-10 12:07:42'),(243,'test','10.0.70.41','2016-05-10 12:08:22'),(244,'test','127.0.0.1','2016-05-16 16:12:08');
/*!40000 ALTER TABLE `login_fails` ENABLE KEYS */;
UNLOCK TABLES;

--
-- Table structure for table `rel_users_services`
--

DROP TABLE IF EXISTS `rel_users_services`;
/*!40101 SET @saved_cs_client     = @@character_set_client */;
/*!40101 SET character_set_client = utf8 */;
CREATE TABLE `rel_users_services` (
  `user_id` int(10) unsigned NOT NULL,
  `service_id` int(10) unsigned NOT NULL,
  PRIMARY KEY (`user_id`,`service_id`)
) ENGINE=InnoDB DEFAULT CHARSET=utf8;
/*!40101 SET character_set_client = @saved_cs_client */;

--
-- Dumping data for table `rel_users_services`
--

LOCK TABLES `rel_users_services` WRITE;
/*!40000 ALTER TABLE `rel_users_services` DISABLE KEYS */;
INSERT INTO `rel_users_services` VALUES (557,1),(558,1),(559,1),(560,1),(561,1),(562,1),(563,1),(564,1),(565,1),(566,1),(567,1),(568,1),(569,1),(570,1),(571,1);
/*!40000 ALTER TABLE `rel_users_services` ENABLE KEYS */;
UNLOCK TABLES;

--
-- Table structure for table `services`
--

DROP TABLE IF EXISTS `services`;
/*!40101 SET @saved_cs_client     = @@character_set_client */;
/*!40101 SET character_set_client = utf8 */;
CREATE TABLE `services` (
  `id` int(10) unsigned NOT NULL AUTO_INCREMENT,
  `name` varchar(100) NOT NULL,
  PRIMARY KEY (`id`)
) ENGINE=InnoDB AUTO_INCREMENT=4 DEFAULT CHARSET=utf8;
/*!40101 SET character_set_client = @saved_cs_client */;

--
-- Dumping data for table `services`
--

LOCK TABLES `services` WRITE;
/*!40000 ALTER TABLE `services` DISABLE KEYS */;
INSERT INTO `services` VALUES (1,'Mobile bank'),(2,'SMS-tokens'),(3,'Transaction authentication numbers');
/*!40000 ALTER TABLE `services` ENABLE KEYS */;
UNLOCK TABLES;

--
-- Table structure for table `sessions`
--

DROP TABLE IF EXISTS `sessions`;
/*!40101 SET @saved_cs_client     = @@character_set_client */;
/*!40101 SET character_set_client = utf8 */;
CREATE TABLE `sessions` (
  `id` char(40) NOT NULL,
  `data` blob NOT NULL,
  `access_time` timestamp NOT NULL DEFAULT '0000-00-00 00:00:00' ON UPDATE CURRENT_TIMESTAMP,
  PRIMARY KEY (`id`)
) ENGINE=InnoDB DEFAULT CHARSET=utf8;
/*!40101 SET character_set_client = @saved_cs_client */;

--
-- Dumping data for table `sessions`
--

LOCK TABLES `sessions` WRITE;
/*!40000 ALTER TABLE `sessions` DISABLE KEYS */;
INSERT INTO `sessions` VALUES ('6pgao9jto321qqas7so5769q93','captcha|a:1:{s:4:\"code\";s:5:\"80493\";}','2016-05-10 12:07:43'),('79ph3gimo3u0n74il1rqajkfj4','','2016-05-10 13:00:51'),('admlnn578scotfuhkb9beo0v81','captcha|a:1:{s:4:\"code\";s:5:\"10366\";}','2016-05-16 16:51:25'),('belgkqj7sf13lm2891lh5cr2j2','','2016-05-16 10:21:41'),('fvnq35jbm80lajlrbfg3f1suu7','captcha|a:1:{s:4:\"code\";s:5:\"41433\";}','2016-05-10 13:00:51'),('j9ot5vc4hod5gtpqu02a7ij5b1','captcha|a:1:{s:4:\"code\";s:5:\"66932\";}','2016-05-10 12:08:22');
/*!40000 ALTER TABLE `sessions` ENABLE KEYS */;
UNLOCK TABLES;

--
-- Table structure for table `tan`
--

DROP TABLE IF EXISTS `tan`;
/*!40101 SET @saved_cs_client     = @@character_set_client */;
/*!40101 SET character_set_client = utf8 */;
CREATE TABLE `tan` (
  `card_id` int(10) unsigned NOT NULL,
  `id` int(10) unsigned NOT NULL AUTO_INCREMENT,
  `code` varchar(5) NOT NULL,
  `used` tinyint(1) NOT NULL DEFAULT '0',
  PRIMARY KEY (`card_id`,`id`)
) ENGINE=MyISAM DEFAULT CHARSET=latin1;
/*!40101 SET character_set_client = @saved_cs_client */;

--
-- Dumping data for table `tan`
--

LOCK TABLES `tan` WRITE;
/*!40000 ALTER TABLE `tan` DISABLE KEYS */;
INSERT INTO `tan` VALUES (24,1,'36405',0),(24,2,'23204',0),(24,3,'76063',0),(24,4,'50970',0),(24,5,'70904',0),(24,6,'78978',0),(24,7,'41491',0),(24,8,'01522',0),(24,9,'00916',0),(24,10,'26614',0),(24,11,'68569',0),(24,12,'93891',0),(24,13,'74223',0),(24,14,'42594',0),(24,15,'79460',0),(24,16,'19770',0),(24,17,'14970',0),(24,18,'97476',1),(24,19,'65087',1),(24,20,'32082',1),(25,1,'04000',0),(25,2,'86818',0),(25,3,'44635',0),(25,4,'79242',0),(25,5,'29394',0),(25,6,'88689',0),(25,7,'78389',0),(25,8,'46527',0),(25,9,'46210',0),(25,10,'88903',0),(25,11,'13252',0),(25,12,'64132',0),(25,13,'01140',0),(25,14,'18670',0),(25,15,'42773',0),(25,16,'75166',0),(25,17,'58074',0),(25,18,'34858',0),(25,19,'16030',0),(25,20,'04972',0),(26,1,'31858',0),(26,2,'47426',0),(26,3,'01254',0),(26,4,'12362',0),(26,5,'36958',0),(26,6,'47117',0),(26,7,'35921',0),(26,8,'76818',0),(26,9,'42067',0),(26,10,'57983',0),(26,11,'12017',0),(26,12,'96408',0),(26,13,'24316',0),(26,14,'58330',0),(26,15,'28324',0),(26,16,'07206',0),(26,17,'62964',0),(26,18,'65016',0),(26,19,'84015',0),(26,20,'77400',0),(27,1,'39583',0),(27,2,'66512',0),(27,3,'97570',0),(27,4,'49993',0),(27,5,'20429',0),(27,6,'60190',0),(27,7,'93051',0),(27,8,'41793',0),(27,9,'09156',0),(27,10,'10619',0),(27,11,'04046',0),(27,12,'91600',0),(27,13,'60475',0),(27,14,'51730',0),(27,15,'04910',0),(27,16,'63034',0),(27,17,'93898',0),(27,18,'49919',0),(27,19,'08945',0),(27,20,'50624',0),(28,1,'25026',0),(28,2,'66232',0),(28,3,'97034',0),(28,4,'99512',0),(28,5,'46197',0),(28,6,'86226',0),(28,7,'34236',0),(28,8,'90313',0),(28,9,'51164',0),(28,10,'56417',0),(28,11,'65485',0),(28,12,'17149',0),(28,13,'87301',0),(28,14,'00142',0),(28,15,'50466',0),(28,16,'92233',0),(28,17,'00948',0),(28,18,'46650',0),(28,19,'54895',0),(28,20,'90514',0),(29,1,'57618',0),(29,2,'03786',0),(29,3,'07768',0),(29,4,'90898',0),(29,5,'23917',0),(29,6,'52892',0),(29,7,'55926',0),(29,8,'82961',0),(29,9,'66833',0),(29,10,'72352',0),(29,11,'17519',0),(29,12,'37116',0),(29,13,'37139',0),(29,14,'72178',0),(29,15,'23517',0),(29,16,'88013',0),(29,17,'23184',0),(29,18,'12123',0),(29,19,'86090',0),(29,20,'06214',0),(30,1,'15774',0),(30,2,'62107',0),(30,3,'52191',0),(30,4,'66524',0),(30,5,'04266',0),(30,6,'22412',0),(30,7,'73840',0),(30,8,'21242',0),(30,9,'09429',0),(30,10,'59511',0),(30,11,'02538',0),(30,12,'15066',0),(30,13,'34019',0),(30,14,'14039',0),(30,15,'24876',0),(30,16,'82544',0),(30,17,'74628',0),(30,18,'44350',0),(30,19,'08500',0),(30,20,'41545',0),(31,1,'00961',0),(31,2,'23543',0),(31,3,'87463',0),(31,4,'40619',0),(31,5,'04203',0),(31,6,'84429',0),(31,7,'02009',0),(31,8,'13267',0),(31,9,'65412',0),(31,10,'85246',0),(31,11,'14145',0),(31,12,'43095',0),(31,13,'09700',0),(31,14,'71307',0),(31,15,'06357',0),(31,16,'53287',0),(31,17,'90214',0),(31,18,'86885',0),(31,19,'38518',0),(31,20,'58089',1);
/*!40000 ALTER TABLE `tan` ENABLE KEYS */;
UNLOCK TABLES;

--
-- Table structure for table `transaction_templates`
--

DROP TABLE IF EXISTS `transaction_templates`;
/*!40101 SET @saved_cs_client     = @@character_set_client */;
/*!40101 SET character_set_client = utf8 */;
CREATE TABLE `transaction_templates` (
  `id` int(10) unsigned NOT NULL AUTO_INCREMENT,
  `user_id` int(10) unsigned NOT NULL,
  `name` varchar(100) NOT NULL,
  `from` int(10) unsigned NOT NULL,
  `to` varchar(100) NOT NULL,
  `sum` double NOT NULL,
  PRIMARY KEY (`id`),
  KEY `user_id` (`user_id`)
) ENGINE=InnoDB AUTO_INCREMENT=21 DEFAULT CHARSET=utf8;
/*!40101 SET character_set_client = @saved_cs_client */;

--
-- Dumping data for table `transaction_templates`
--

LOCK TABLES `transaction_templates` WRITE;
/*!40000 ALTER TABLE `transaction_templates` DISABLE KEYS */;
INSERT INTO `transaction_templates` VALUES (1,1,'Bot 1 > 2',1,'90107430600227300002',25),(2,2,'Bot 2 > 3',2,'90107430600227300003',25),(3,3,'Bot 3 > 4',3,'90107430600227300004',25),(4,4,'Bot 4 > 5',4,'90107430600227300005',25),(5,5,'Bot 5 > 6',5,'90107430600227300006',25),(6,6,'Bot 6 > 1',6,'90107430600227300001',25),(7,7,'Bot 7 > 8',7,'90107430600227300008',25),(8,8,'Bot 8 > 9',8,'90107430600227300009',25),(9,9,'Bot 9 > 10',9,'90107430600227300010',25),(10,10,'Bot 10 > 11',10,'90107430600227300011',25),(11,11,'Bot 11 > 12',11,'90107430600227300012',25),(12,12,'Bot 12 > 7',12,'90107430600227300007',25),(13,13,'Bot 13 > 14',13,'90107430600227300014',25),(14,14,'Bot 14 > 15',14,'90107430600227300015',25),(15,15,'Bot 15 > 16',15,'90107430600227300016',25),(16,16,'Bot 16 > 17',16,'90107430600227300017',25),(17,17,'Bot 17 > 18',17,'90107430600227300018',25),(18,18,'Bot 18 > 13',18,'90107430600227300013',25),(20,24,'test',24,'90107430600227300031',5);
/*!40000 ALTER TABLE `transaction_templates` ENABLE KEYS */;
UNLOCK TABLES;

--
-- Table structure for table `transactions`
--

DROP TABLE IF EXISTS `transactions`;
/*!40101 SET @saved_cs_client     = @@character_set_client */;
/*!40101 SET character_set_client = utf8 */;
CREATE TABLE `transactions` (
  `id` int(10) unsigned NOT NULL AUTO_INCREMENT,
  `user_id` int(10) unsigned NOT NULL,
  `from` int(10) unsigned NOT NULL,
  `to` int(10) unsigned NOT NULL,
  `sum` double NOT NULL,
  `otp_code` char(5) NOT NULL,
  `confirmed` tinyint(1) NOT NULL DEFAULT '0',
  `description` text NOT NULL,
  PRIMARY KEY (`id`),
  KEY `user_id` (`user_id`)
) ENGINE=InnoDB AUTO_INCREMENT=79 DEFAULT CHARSET=utf8;
/*!40101 SET character_set_client = @saved_cs_client */;

--
-- Dumping data for table `transactions`
--

LOCK TABLES `transactions` WRITE;
/*!40000 ALTER TABLE `transactions` DISABLE KEYS */;
INSERT INTO `transactions` VALUES (2,24,24,31,5,'',0,'Template: test'),(3,24,24,31,5,'',0,'Template: test'),(4,24,24,31,5,'',0,'Template: test'),(5,24,24,8,1,'',0,'123'),(6,24,24,31,1,'',0,'123'),(7,24,24,8,1,'',0,'123'),(10,31,31,8,1,'',0,'123'),(13,31,31,8,15,'',0,'123'),(14,31,31,8,15,'',0,'123123'),(15,31,31,8,30,'',0,'123'),(20,31,31,8,200,'53612',1,'123'),(21,31,31,8,10,'03273',0,'123'),(22,31,31,8,10,'69512',0,'123123'),(26,31,31,8,15,'5550',0,'123'),(27,31,31,8,10,'8050',0,'123'),(28,31,31,8,5555,'2250',1,'123'),(38,31,31,32,1400,'9550',1,''),(40,31,32,31,20,'1450',1,''),(41,31,31,32,1500,'6550',1,'123'),(43,31,32,31,20,'1850',1,''),(44,31,31,32,10,'4350',0,'123'),(45,31,31,32,10,'2650',0,'123'),(46,31,31,32,10,'0150',1,'4444\r\n\r\n'),(51,31,32,31,11,'4250',0,'1234'),(52,31,32,31,11,'1250',0,'1234'),(53,31,31,32,10,'3650',0,'123'),(54,31,31,32,10,'5103',1,'123'),(55,31,31,32,11,'5904',1,'qweqwe'),(59,31,32,31,0.5,'5008',0,'123'),(64,2,2,1,10,'5507',1,'4444'),(65,31,32,1,1,'5200',0,'44444'),(66,31,32,1,1,'5706',0,'44444'),(67,31,32,1,1,'5801',0,'44444'),(68,2,2,1,10,'5304',1,'44444'),(69,2,2,1,10,'5008',1,'44444'),(71,2,2,31,10,'5308',0,'123'),(73,2,2,31,10,'7001',0,'1');
/*!40000 ALTER TABLE `transactions` ENABLE KEYS */;
UNLOCK TABLES;

--
-- Table structure for table `transactions_history`
--

DROP TABLE IF EXISTS `transactions_history`;
/*!40101 SET @saved_cs_client     = @@character_set_client */;
/*!40101 SET character_set_client = utf8 */;
CREATE TABLE `transactions_history` (
  `id` int(10) unsigned NOT NULL,
  `from` int(10) unsigned NOT NULL,
  `to` int(10) unsigned NOT NULL,
  `sum` double NOT NULL,
  `date` datetime NOT NULL,
  `description` text NOT NULL,
  `shown` tinyint(1) NOT NULL DEFAULT '0',
  PRIMARY KEY (`id`),
  KEY `from` (`from`),
  KEY `to` (`to`)
) ENGINE=InnoDB DEFAULT CHARSET=utf8;
/*!40101 SET character_set_client = @saved_cs_client */;

--
-- Dumping data for table `transactions_history`
--

LOCK TABLES `transactions_history` WRITE;
/*!40000 ALTER TABLE `transactions_history` DISABLE KEYS */;
INSERT INTO `transactions_history` VALUES (1,24,31,5,'2016-02-13 16:24:13','test',1),(8,31,8,1,'2016-02-25 16:41:17','123',0),(11,24,8,0.01,'2016-03-01 15:37:11','',0),(12,24,31,0.01,'2016-03-01 15:40:01','',1),(16,31,8,33,'2016-03-14 14:34:51','123',0),(18,31,8,13,'2016-03-14 14:44:06','123',0),(19,31,8,13,'2016-03-14 14:44:13','1231',0),(24,31,8,10,'2016-03-14 17:41:06','123',0),(25,31,8,10,'2016-03-14 17:41:27','12213',0),(29,31,8,120,'2016-03-14 18:26:02','123213',0),(30,31,8,120,'2016-03-14 18:26:11','123',0),(31,1,2,10,'2016-03-18 13:11:13','123',1),(33,1,31,500,'2016-03-18 14:13:04','',1),(34,1,31,500,'2016-03-18 14:13:01','',1),(35,1,31,500,'2016-03-18 14:12:58','',1),(36,31,32,200,'2016-03-18 14:40:16','',1),(37,31,32,1400,'2016-03-18 14:59:22','123',1),(39,32,31,20,'2016-03-18 15:00:30','',1),(42,31,32,1500,'2016-03-18 16:17:07','123',1),(44,32,31,20,'2016-03-18 16:28:01','',1),(45,31,32,1500,'2016-03-18 16:28:34','',1),(46,31,32,50,'2016-03-18 16:29:10','123',1),(47,31,32,50,'2016-03-18 16:29:08','123',1),(48,32,31,0.01,'2016-03-18 18:06:32','213',1),(49,31,32,10,'2016-04-25 16:22:38','4444\r\n\r\n',1),(50,31,32,10,'2016-04-25 16:32:01','4444\r\n\r\n',1),(57,31,32,11,'2016-04-28 17:12:04','qwe',1),(58,31,32,12,'2016-04-28 17:13:16','qwe',1),(60,31,32,50,'2016-04-28 17:24:05','qweqwe',1),(61,31,32,50,'2016-04-28 17:24:10','qqq',1),(62,31,32,50,'2016-04-28 17:23:47','zzz',1),(63,2,1,10,'2016-04-28 17:43:32','123',0),(70,2,1,10,'2016-04-29 13:30:26','44444',0),(72,2,31,10,'2016-04-29 16:13:37','123',1),(74,32,31,5,'2016-05-16 14:09:11','123',1),(75,31,33,10,'2016-05-16 14:09:54','123',1),(76,31,33,100,'2016-05-16 14:10:26','qweqweqw',1),(77,33,31,10,'2016-05-16 14:11:36','qwe',1),(78,114,115,10,'2016-05-16 19:13:37','',0);
/*!40000 ALTER TABLE `transactions_history` ENABLE KEYS */;
UNLOCK TABLES;

--
-- Table structure for table `users`
--

DROP TABLE IF EXISTS `users`;
/*!40101 SET @saved_cs_client     = @@character_set_client */;
/*!40101 SET character_set_client = utf8 */;
CREATE TABLE `users` (
  `id` int(10) unsigned NOT NULL AUTO_INCREMENT,
  `login` varchar(255) NOT NULL,
  `password` varchar(32) NOT NULL,
  `force_change_password` tinyint(1) NOT NULL,
  `otp_method` enum('none','tan','rtan') DEFAULT NULL,
  `card_id` int(11) DEFAULT NULL,
  `email` varchar(100) NOT NULL,
  `first_name` varchar(50) NOT NULL,
  `last_name` varchar(50) NOT NULL,
  `phone` varchar(20) NOT NULL,
  `pan` varchar(16) DEFAULT NULL,
  PRIMARY KEY (`id`)
) ENGINE=InnoDB AUTO_INCREMENT=722 DEFAULT CHARSET=utf8;
/*!40101 SET character_set_client = @saved_cs_client */;

--
-- Dumping data for table `users`
--

LOCK TABLES `users` WRITE;
/*!40000 ALTER TABLE `users` DISABLE KEYS */;
INSERT INTO `users` VALUES (552,'797413724','b5c0b187fe309af0f4d35982fd961d7e',0,'none',NULL,'Lawrence','Evans','LawrenceE@moc.liamg','88001678016','8928718008323414'),(553,'831769866','36f17c3939ac3e7b2fc9396fa8e953ea',0,'none',NULL,'Cedric','Torres','CedricT@moc.liamg','88004621809','4796807017221615'),(554,'924674189','f4f068e71e0d87bf0ad51e6214ab84e9',0,'none',NULL,'Lillie','Summers','LillieS@moc.liamg','88004278905','0455119448115198'),(555,'201653198','48bb6e862e54f2a795ffc4e541caed4d',0,'none',NULL,'Randy','Carter','RandyC@moc.liamg','88009349517','4613317977384791'),(556,'115384736','73bcaaa458bff0d27989ed331b68b64d',0,'none',NULL,'Kathryn','Sanchez','KathrynS@moc.liamg','88008771151','4638119730967600'),(557,'890780850','3a9357ba0b1007ca3bf5f354dd737d78',0,'tan',NULL,'Cynthia','Rogers','CynthiaR@moc.liamg','88001732532','5621870280114677'),(558,'931869039','e44f8cf63970db5c2df0a18153bcdf49',0,'tan',NULL,'Lee','Lucas','LeeL@moc.liamg','88005596623','7681790101185073'),(559,'627144466','59395956533cbb482194c9ac445fb295',0,'tan',NULL,'Ernesto','Baldwin','ErnestoB@moc.liamg','88002624138','1929062668940768'),(560,'499762267','2424b5fe85d4c50cf04daf345531e28f',0,'tan',NULL,'Alicia','Mclaughlin','AliciaM@moc.liamg','88000045238','0764004075876893'),(561,'001537076','0242c181129b186469f33fe8e2d60452',0,'tan',NULL,'Marian','Warren','MarianW@moc.liamg','88008707564','4445468804332908'),(562,'535342177','827ccb0eea8a706c4c34a16891f84e7b',0,'tan',NULL,'Ryan','Philips','RyanP@moc.liamg','88007799534','4581545731822650'),(563,'607150760','912ec803b2ce49e4a541068d495ab570',0,'tan',NULL,'Louise','Thomas','LouiseT@moc.liamg','88005037101','7806298940993449'),(564,'436122473','7c477abdf7ee8d5d53a65b32d0d70217',0,'tan',NULL,'Elaine','Simpson','ElaineS@moc.liamg','88006570666','8389843371185726'),(565,'499461653','5ce6290c6af51e3151cdb667a5e938fe',0,'tan',NULL,'Gregory','Hernandez','GregoryH@moc.liamg','88007178002','7206422271697021'),(566,'635714486','efe6398127928f1b2e9ef3207fb82663',0,'tan',NULL,'Lula','Buchanan','LulaB@moc.liamg','88002645749','2924429159545473'),(567,'463631739','75f7753f5d7391a33a5d26535ea89f29',0,'rtan',NULL,'Dixie','Rice','DixieR@moc.liamg','88008608968','9672892180438679'),(568,'646010460','f379eaf3c831b04de153469d1bec345e',0,'rtan',NULL,'Vernon','Medina','VernonM@moc.liamg','88001682351','1262192466252216'),(569,'516884631','3bf1114a986ba87ed28fc1b5884fc2f8',0,'rtan',NULL,'Annie','Osborne','AnnieO@moc.liamg','88005855186','8257496993786673'),(570,'525681486','276f8db0b86edaa7fc805516c852c889',0,'rtan',NULL,'David','Bennett','DavidB@moc.liamg','88009351273','7805955194172925'),(571,'971629730','7c6a180b36896a0a8c02787eeafb0e4c',0,'rtan',NULL,'Glen','Reed','GlenR@moc.liamg','88003982415','2004817747499770'),(572,'755455699','7449b146eb00c4faf64a959c495fffc5',0,'none',NULL,'empty','empty','empty','empty','8916749001407499'),(573,'601700483','78408189a91b4988f13576053113dafb',0,'none',NULL,'empty','empty','empty','empty','9296736444105573'),(574,'574335683','a5ce7cdce6b69a1cc3fe2d03f26a734f',0,'none',NULL,'empty','empty','empty','empty','1807347577710580'),(575,'677463995','dc26ffca134307e5ead5554e799c4244',0,'none',NULL,'empty','empty','empty','empty','4238866091824730'),(576,'116337059','3bc0043f1399487925846590796d4242',0,'none',NULL,'empty','empty','empty','empty','0084115349240756'),(577,'997209063','1438f76c07762293ec984189713f075e',0,'none',NULL,'empty','empty','empty','empty','4300080532564936'),(578,'180966629','a9ef31d38a28cddbe5c2b961de8f6f9a',0,'none',NULL,'empty','empty','empty','empty','5502971550935755'),(579,'539804236','695725cb07755c6ef5110918fa24f00c',0,'none',NULL,'empty','empty','empty','empty','5245473545197440'),(580,'187064321','c7a9925aaf06c2ec05579578ed3db6f4',0,'none',NULL,'empty','empty','empty','empty','4868817078816822'),(581,'443908826','171c825a8307896a819b4f8b552f672b',0,'none',NULL,'empty','empty','empty','empty','1602567784919594'),(582,'455614442','cfdfc366fdf30c61ba02656ce54e3878',0,'none',NULL,'empty','empty','empty','empty','0230298671388314'),(583,'329379202','8a1d67a81c19ee8b9c6992f7b05edf66',0,'none',NULL,'empty','empty','empty','empty','0089814929032302'),(584,'553088873','7f9460398a11515af82c3ca7cddf8bc9',0,'none',NULL,'empty','empty','empty','empty','8797497483236116'),(585,'782618077','b31d85fdfa081c486bbea429a4f56454',0,'none',NULL,'empty','empty','empty','empty','3023783529577776'),(586,'885682321','02a7d2fd1a52124c3ebb5a16258344b1',0,'none',NULL,'empty','empty','empty','empty','2317942785566033'),(587,'471499647','9406c1007b511645cf7fac6456b81a89',0,'none',NULL,'empty','empty','empty','empty','8384228318238267'),(588,'273476281','6f8aadd81325a1c331b6b2300ca96661',0,'none',NULL,'empty','empty','empty','empty','2295655350333162'),(589,'547611678','30a2022477505424fcc7eb4137fc2022',0,'none',NULL,'empty','empty','empty','empty','8101189826647530'),(590,'036392649','415d53603f4775decd854b5e16c3b4bf',0,'none',NULL,'empty','empty','empty','empty','1895264921135840'),(591,'219499125','5715350bc846f9f38cedfa5a2a7ce18e',0,'none',NULL,'empty','empty','empty','empty','2675901208451910'),(592,'343431779','8b96e3f5aaedf27ef8b5ea2b825d46d0',0,'none',NULL,'empty','empty','empty','empty','0420123434542319'),(593,'512534707','6f1dd6f33036d102acda4827f4a74766',0,'none',NULL,'empty','empty','empty','empty','1505691611072177'),(594,'919290730','87a9eec063ac9ccc93305d6fdf093ff3',0,'none',NULL,'empty','empty','empty','empty','3577660719526534'),(595,'984558475','6e9dba039bf14381a4e8f68d0d51498c',0,'none',NULL,'empty','empty','empty','empty','7594650602779096'),(596,'993920321','1a65a19b6056b3b600692d051faebfa0',0,'none',NULL,'empty','empty','empty','empty','8231478576186467'),(597,'167641327','c27a496b9d29e2a71608c738ffc88065',0,'none',NULL,'empty','empty','empty','empty','8363909533219984'),(598,'476947166','4a9acf3ad94d82516346bccb88138f95',0,'none',NULL,'empty','empty','empty','empty','3684927912590850'),(599,'744426021','6572e8f1e27b9e2e26242de40a813548',0,'none',NULL,'empty','empty','empty','empty','1851545747734747'),(600,'429769238','0182f011e45be0fa72bb69afd5c87d3a',0,'none',NULL,'empty','empty','empty','empty','0078192504133524'),(601,'954492602','7d57cdd805dd7e1e345f6fc6f8af9115',0,'none',NULL,'empty','empty','empty','empty','4971599945347074'),(602,'231627966','e223d5beaedfe5594e244a8c4f0e384a',0,'none',NULL,'empty','empty','empty','empty','3751816281623494'),(603,'241397130','12033b90cdf5bacc3474b218a2dac00d',0,'none',NULL,'empty','empty','empty','empty','7745383258693497'),(604,'736654521','c804efa0fbe5c21ac1fcd57ae701ae65',0,'none',NULL,'empty','empty','empty','empty','9992612751765281'),(605,'845528520','c0c2e91b730aa1dc473b8930e91ef779',0,'none',NULL,'empty','empty','empty','empty','8867389069531536'),(606,'203692216','951acf3e32e40b8c46ba7ab6d3641f6a',0,'none',NULL,'empty','empty','empty','empty','7551631772369586'),(607,'218195940','e067855300b827a6d0536d440e8db15b',0,'none',NULL,'empty','empty','empty','empty','6715924938634646'),(608,'487448941','fa2d246d827a526d04a837cfaa72f73a',0,'none',NULL,'empty','empty','empty','empty','1780473522877950'),(609,'090403685','abc3fedae53c3d69b77fad12d731e414',0,'none',NULL,'empty','empty','empty','empty','1694600287058738'),(610,'945329723','4d7b7367dff555936dea159e42bc7145',0,'none',NULL,'empty','empty','empty','empty','4815626574900374'),(611,'523901922','3ec2a2ae73ce75a9213521ce0dfec619',0,'none',NULL,'empty','empty','empty','empty','4050176341951255'),(612,'796010318','03477836f834a88dabb5c2f90a09ed8a',0,'none',NULL,'empty','empty','empty','empty','2978205892533807'),(613,'701969403','260477a274c8306fdff8ab307d1f09e1',0,'none',NULL,'empty','empty','empty','empty','7659750466396261'),(614,'207252987','89a226b60b12d845aea2eae4cb538754',0,'none',NULL,'empty','empty','empty','empty','9464363096828455'),(615,'582800543','2caaf4b994d204da185838fe13c9806a',0,'none',NULL,'empty','empty','empty','empty','4796600885001564'),(616,'091990268','3c52bd4b4e55a354d62ed6c61dbed0bd',0,'none',NULL,'empty','empty','empty','empty','2444318449116897'),(617,'228283589','e436a80e28416504cbb67a56499f948a',0,'none',NULL,'empty','empty','empty','empty','7376041312767590'),(618,'738393698','612457515ef920192ba2f87506bdefbc',0,'none',NULL,'empty','empty','empty','empty','6035280650028047'),(619,'620405393','6eea5adea71b71a7fec17ca0fdaa312d',0,'none',NULL,'empty','empty','empty','empty','5843634378346223'),(620,'713807053','8aa7ae37e68378650489f4b6c388c51a',0,'none',NULL,'empty','empty','empty','empty','5831556489110394'),(621,'078826772','9196222831f2ef21e0e9f8e63a2f69dd',0,'none',NULL,'empty','empty','empty','empty','7409178963910151'),(622,'010627680','b3711e79557882db9ff459e1b42859a3',0,'none',NULL,'empty','empty','empty','empty','2290332388794210'),(623,'212684822','03df5714d8027e6d8b5a1ef91db1f9dd',0,'none',NULL,'empty','empty','empty','empty','0728642464585938'),(624,'429123789','308a125c4706fb10dfa993e2b1f6f40b',0,'none',NULL,'empty','empty','empty','empty','6734691996279579'),(625,'067126548','f9ec68fcf7e94d4bbf457780ebe63259',0,'none',NULL,'empty','empty','empty','empty','2481822887153761'),(626,'596420794','f35332d972ea9ce6740693e07a81df32',0,'none',NULL,'empty','empty','empty','empty','9976981079507943'),(627,'093318447','5ffa822c8b2d76ad81d6a77a1e450450',0,'none',NULL,'empty','empty','empty','empty','1122310338926034'),(628,'083063756','42a568a566d965d8daf2939d2cf4bedd',0,'none',NULL,'empty','empty','empty','empty','2792845426515200'),(629,'201890705','8d64c9226e387498d37e9915714714ce',0,'none',NULL,'empty','empty','empty','empty','7675950960379181'),(630,'146596375','ebbc0e4e50dd7167a8f315d664117fc2',0,'none',NULL,'empty','empty','empty','empty','3176473406625536'),(631,'599103891','a887cdae4431d373e5438e5448637c2b',0,'none',NULL,'empty','empty','empty','empty','4078957730883653'),(632,'400474135','df3371931c5c5f7d6cd1690ae7308d3b',0,'none',NULL,'empty','empty','empty','empty','6114030917894075'),(633,'469999395','3e52649bb65443da866b0c382d2d79eb',0,'none',NULL,'empty','empty','empty','empty','3726835144881403'),(634,'771580615','6aebfaa09c85aa7fc23722af013d0317',0,'none',NULL,'empty','empty','empty','empty','4159000369745179'),(635,'414747461','7cd8dfc5ec90aa70ec843420f8b33318',0,'none',NULL,'empty','empty','empty','empty','4210766793319210'),(636,'846233622','445e8b6b4bbf67bf80e3f32df72e39ba',0,'none',NULL,'empty','empty','empty','empty','5590387398177002'),(637,'143981538','6a937e365932887cd67281c2841be784',0,'none',NULL,'empty','empty','empty','empty','6865406370114080'),(638,'571097029','b68c808d8fe4c4f81a00b10135e516a4',0,'none',NULL,'empty','empty','empty','empty','2737454139620860'),(639,'900341194','260869994e58d461bd116f096061e445',0,'none',NULL,'empty','empty','empty','empty','6505976349558255'),(640,'680972566','a40279f7214aef534103ae7d29d196a2',0,'none',NULL,'empty','empty','empty','empty','2532293740038373'),(641,'548622778','27df7aa953df746c414ff48ee1651947',0,'none',NULL,'empty','empty','empty','empty','3177909858729571'),(642,'964780493','891ace1919b98f09d7ff797e778263d8',0,'none',NULL,'empty','empty','empty','empty','3419880493845420'),(643,'796450049','9c4dca0e6666a71f87efa97a6694e108',0,'none',NULL,'empty','empty','empty','empty','9728581162821646'),(644,'102914029','e080c4eb1d7af1b5fbb537dedfa6474f',0,'none',NULL,'empty','empty','empty','empty','1665057543010810'),(645,'505227142','5c748059c8ee98083663d5f596a62943',0,'none',NULL,'empty','empty','empty','empty','3676445248771813'),(646,'388308624','cc0a6d82ef96ef9e147e98270a2a7e2e',0,'none',NULL,'empty','empty','empty','empty','8828634910016819'),(647,'117889703','eb4b2cc60f7ef24d26937ff1ba055634',0,'none',NULL,'empty','empty','empty','empty','0317333598209436'),(648,'792490545','c4f7bda54151f5077c83426546da9f29',0,'none',NULL,'empty','empty','empty','empty','6481435269203910'),(649,'959482233','a4dcbe04b7f182b6d0a52939241da1dd',0,'none',NULL,'empty','empty','empty','empty','5626093399641628'),(650,'117898697','3e84c5087d983a4bcd07535a07b0860f',0,'none',NULL,'empty','empty','empty','empty','2911756707351007'),(651,'805609531','0c48847df06e6a2a49aaeb7ccb2fe486',0,'none',NULL,'empty','empty','empty','empty','6751331688524769'),(652,'738609680','25f838c3baa3c70fcc84144010fc2558',0,'none',NULL,'empty','empty','empty','empty','2363684359877001'),(653,'010264140','7ba70cf57c46cd4d7400c5b33e27503a',0,'none',NULL,'empty','empty','empty','empty','4546240128402558'),(654,'375076467','d550e7c72eac0f4be6e631d3e7b6cd49',0,'none',NULL,'empty','empty','empty','empty','4400850445613755'),(655,'507692842','4e721572efe0d23e793c653c3998913e',0,'none',NULL,'empty','empty','empty','empty','4466542908981141'),(656,'579819629','ae3f555115a5fc253433844f13da0902',0,'none',NULL,'empty','empty','empty','empty','7503630634799599'),(657,'169093429','9a5ab5ac0acb9ed3212c5f5024ee8ff0',0,'none',NULL,'empty','empty','empty','empty','0669153699955415'),(658,'161971573','d6b6c7e93e16679b34ce95f78696d1a5',0,'none',NULL,'empty','empty','empty','empty','4832461953755943'),(659,'686520677','5ebda0726f1c561dfd3399be4db06f2b',0,'none',NULL,'empty','empty','empty','empty','9441894557742864'),(660,'323968608','740e5d02e9a42ebd25f1b98ca2222bd2',0,'none',NULL,'empty','empty','empty','empty','2856715510836008'),(661,'492461709','ecdb60df925a12a3b69c6eabd3babae1',0,'none',NULL,'empty','empty','empty','empty','9378822199267038'),(662,'908239873','25090d573eb864cada6cf5c832670cae',0,'none',NULL,'empty','empty','empty','empty','1414538158783063'),(663,'902174335','5f79ac427e508ef6bc32b32738e1d39a',0,'none',NULL,'empty','empty','empty','empty','8618093723432748'),(664,'685246591','22cc69bfcb930dcbd4d6c5677c249db1',0,'none',NULL,'empty','empty','empty','empty','6413472320464702'),(665,'559404154','a27afe0b85245a67e85a299e861928ad',0,'none',NULL,'empty','empty','empty','empty','3352842171506060'),(666,'595548653','9f032c7de25dbc0a616028470086deea',0,'none',NULL,'empty','empty','empty','empty','6108381066484957'),(667,'933323792','57d098ef1181b2cec12a8966ae4bdf4a',0,'none',NULL,'empty','empty','empty','empty','5655250068691426'),(668,'378906310','d24e8b8d967c5372ab2368d683439055',0,'none',NULL,'empty','empty','empty','empty','6959916111246507'),(669,'395919400','a784d9c73d36aefe9df4fed0b65cbe31',0,'none',NULL,'empty','empty','empty','empty','4913611844793802'),(670,'818924191','f861f926db6ffded893f91801d845af3',0,'none',NULL,'empty','empty','empty','empty','0402663144851415'),(671,'035448768','1a2a9477e19623cff7fc540a26f4f9d3',0,'none',NULL,'empty','empty','empty','empty','2665881674940081'),(672,'276440516','d493752cd7f734c53cca1b3bd16ed942',0,'none',NULL,'empty','empty','empty','empty','8257160840657242'),(673,'450074524','0b238ad86f24793578ad39cc59fdeb57',0,'none',NULL,'empty','empty','empty','empty','4633285699121586'),(674,'999502401','ca588b048337852fb23e9a4401c1ff34',0,'none',NULL,'empty','empty','empty','empty','0115785051572567'),(675,'735391368','5d5bbd3c14d5a421240153ccf8c7040f',0,'none',NULL,'empty','empty','empty','empty','8888397914277742'),(676,'370594590','6684075c2e9dafda4098d215c7a54b78',0,'none',NULL,'empty','empty','empty','empty','1505895412104204'),(677,'723476470','185a564d355a333c5f98a7a948761ff6',0,'none',NULL,'empty','empty','empty','empty','9842006604994285'),(678,'618346004','06346f97791d00c0dad6d5372ee66d8d',0,'none',NULL,'empty','empty','empty','empty','5506789751951294'),(679,'494835869','a242b9f95710e5f89972c4b0ed0fac4d',0,'none',NULL,'empty','empty','empty','empty','9335097961171849'),(680,'979835495','1dacbc747d2936171cdef16bb7cf1f3b',0,'none',NULL,'empty','empty','empty','empty','9192838100790429'),(681,'540803094','48ad1bd8d57122894dca6aa72d45e477',0,'none',NULL,'empty','empty','empty','empty','5154474523002364'),(682,'980171801','32e37c4479c105bd7056deec6b7cecfa',0,'none',NULL,'empty','empty','empty','empty','6735596275133526'),(683,'723258616','2b236ddbbfeb30defbe151bc7fd0e095',0,'none',NULL,'empty','empty','empty','empty','0422844558495333'),(684,'586565180','bab8b00eb20c837fe14d8cf38035907b',0,'none',NULL,'empty','empty','empty','empty','4195523990832724'),(685,'677490436','15cf1323e8668ce24d5d8484d8d681a5',0,'none',NULL,'empty','empty','empty','empty','1002416305276466'),(686,'919670381','8ddf1f65923c2cb81cbb75f52d642b1f',0,'none',NULL,'empty','empty','empty','empty','4112539477061529'),(687,'838897444','a6871b9484e364b21f0a04c91bb311f9',0,'none',NULL,'empty','empty','empty','empty','1557860169898751'),(688,'399083429','3283e6c2aaebe285bee83542e59582d1',0,'none',NULL,'empty','empty','empty','empty','4964783303356170'),(689,'871686533','af8f664aa0059342c7d6855b1cc9a9d0',0,'none',NULL,'empty','empty','empty','empty','7011424715493634'),(690,'504025119','55663b1e465960f85239ca4a30d59bcb',0,'none',NULL,'empty','empty','empty','empty','0293679316574720'),(691,'540962178','6a32216ee85342dccfd2b1192b1d918b',0,'none',NULL,'empty','empty','empty','empty','5334892761046829'),(692,'275390401','d88d76e5a9d42fea1c5fe90ed8cd2d24',0,'none',NULL,'empty','empty','empty','empty','9712233682380790'),(693,'854664193','55c6a3592b1f44a123d58fe2d9ba878c',0,'none',NULL,'empty','empty','empty','empty','7100739459848528'),(694,'126936379','b61b3e4ed3c7dd76bc246816d4576c00',0,'none',NULL,'empty','empty','empty','empty','1168927033870093'),(695,'139051414','112e7a246b8037a39c0bf23427928462',0,'none',NULL,'empty','empty','empty','empty','6368315746731495'),(696,'067675859','553de18dc53e58b913a47a638ab7dfd2',0,'none',NULL,'empty','empty','empty','empty','9595723039563855'),(697,'874557668','cade818ddd7b537e4d56d115ff41edfb',0,'none',NULL,'empty','empty','empty','empty','9720002683025740'),(698,'943763816','aa524ac99134ce5052a0f7a269db7637',0,'none',NULL,'empty','empty','empty','empty','5908226122713801'),(699,'467585867','c399f8819f496fbb1fb9729f05dcd130',0,'none',NULL,'empty','empty','empty','empty','6636115597667874'),(700,'335384024','a2cbde0a74e4ba40dafd2c984bb8dbee',0,'none',NULL,'empty','empty','empty','empty','1272149547997444'),(701,'280331354','76860f2048c268c460b8201b25bcbf59',0,'none',NULL,'empty','empty','empty','empty','9009319596376194'),(702,'791847569','6abba30db37853387e0edea99fd1d49b',0,'none',NULL,'empty','empty','empty','empty','0703304398875023'),(703,'357323430','e4f902e520ad62e159a1c88df61bcbbd',0,'none',NULL,'empty','empty','empty','empty','5217362579660759'),(704,'072380624','d1cad18cb936d30b034e7dc7880606b5',0,'none',NULL,'empty','empty','empty','empty','0489059863136814'),(705,'935895485','58cda96f630f847cae48d68a5ea82657',0,'none',NULL,'empty','empty','empty','empty','2927881522809198'),(706,'069753979','dffeac19a69e9d4b610d913fe1b9246a',0,'none',NULL,'empty','empty','empty','empty','3430946502729671'),(707,'661927354','d359ae3a0185a761889aa7fc6b314a8f',0,'none',NULL,'empty','empty','empty','empty','0008226627949434'),(708,'017336031','be295e4b85bbef2dacadbf3dae5ec043',0,'none',NULL,'empty','empty','empty','empty','4961175829022963'),(709,'752413294','ad13ca7d9f12c30c8704714f4d0d7678',0,'none',NULL,'empty','empty','empty','empty','8778815654043620'),(710,'296497559','5dfe7cf48660984816932e40327e96d0',0,'none',NULL,'empty','empty','empty','empty','0595252654691337'),(711,'659689047','0504328a47698a53d661c0c9b7ae75d4',0,'none',NULL,'empty','empty','empty','empty','9121341441384865'),(712,'536316145','d5f9edbfab94f8490e0707986d967a29',0,'none',NULL,'empty','empty','empty','empty','3121858337180898'),(713,'140913710','9ce66dd865595ec3eb09064233ac990f',0,'none',NULL,'empty','empty','empty','empty','4955797733578401'),(714,'759814886','8fcaa87bf34ad7852d22cf206475e04f',0,'none',NULL,'empty','empty','empty','empty','8400707158067625'),(715,'791314916','e6b553b0f48407e6b4c555b355c66f16',0,'none',NULL,'empty','empty','empty','empty','1790472696461503'),(716,'426050735','d0948e3ee5bded9c662e20b7d2fa8fd2',0,'none',NULL,'empty','empty','empty','empty','2784586162450582'),(717,'736716604','46bccf40b3051301daea66dbfffd8798',0,'none',NULL,'empty','empty','empty','empty','4647557485248779'),(718,'574216882','9f42d113abe7cbc52acbccae05115251',0,'none',NULL,'empty','empty','empty','empty','0959331081828967'),(719,'143375349','02d0eeb075a15e5ccdbe69552b9391b0',0,'none',NULL,'empty','empty','empty','empty','6046357372210495'),(720,'940408668','7f1468723d3cf89c55565e7f091de2d6',0,'none',NULL,'empty','empty','empty','empty','9857259790456464'),(721,'660312682','c7ed16e378ce4c4f275eb938fe235994',0,'none',NULL,'empty','empty','empty','empty','8822401668129702');
/*!40000 ALTER TABLE `users` ENABLE KEYS */;
UNLOCK TABLES;
/*!40103 SET TIME_ZONE=@OLD_TIME_ZONE */;

/*!40101 SET SQL_MODE=@OLD_SQL_MODE */;
/*!40014 SET FOREIGN_KEY_CHECKS=@OLD_FOREIGN_KEY_CHECKS */;
/*!40014 SET UNIQUE_CHECKS=@OLD_UNIQUE_CHECKS */;
/*!40101 SET CHARACTER_SET_CLIENT=@OLD_CHARACTER_SET_CLIENT */;
/*!40101 SET CHARACTER_SET_RESULTS=@OLD_CHARACTER_SET_RESULTS */;
/*!40101 SET COLLATION_CONNECTION=@OLD_COLLATION_CONNECTION */;
/*!40111 SET SQL_NOTES=@OLD_SQL_NOTES */;

-- Dump completed on 2016-05-17 12:17:00
